{"cameraMode":{"drawMode":0,"name":"Shaded","section":"Shading Mode"},"sceneLighting":false,"audioPlay":false,"sceneViewState":{"m_AlwaysRefresh":false,"showFog":true,"showSkybox":false,"showFlares":true,"showImageEffects":true,"showParticleSystems":true,"showVisualEffectGraphs":true,"m_FxEnabled":true},"in2DMode":false,"pivot":{"x":0.7669169902801514,"y":0.5624645948410034,"z":1.6087220907211304},"rotation":{"x":-0.24615783989429475,"y":0.12375139445066452,"z":-0.03170467168092728,"w":-0.9607830047607422},"size":1.5572971105575562,"orthographic":false}