{"cameraMode":{"drawMode":0,"name":"Shaded","section":"Shading Mode"},"sceneLighting":false,"audioPlay":false,"sceneViewState":{"m_AlwaysRefresh":false,"showFog":true,"showSkybox":false,"showFlares":true,"showImageEffects":true,"showParticleSystems":true,"showVisualEffectGraphs":true,"m_FxEnabled":true},"in2DMode":false,"pivot":{"x":0.41550910472869875,"y":0.4193952679634094,"z":0.26651984453201296},"rotation":{"x":-0.33276960253715517,"y":0.01894964464008808,"z":-0.0066884346306324009,"w":-0.9427942633628845},"size":0.9484841823577881,"orthographic":false}