{"cameraMode":{"drawMode":0,"name":"Shaded","section":"Shading Mode"},"sceneLighting":false,"audioPlay":false,"sceneViewState":{"m_AlwaysRefresh":false,"showFog":true,"showSkybox":false,"showFlares":true,"showImageEffects":true,"showParticleSystems":true,"showVisualEffectGraphs":true,"m_FxEnabled":true},"in2DMode":false,"pivot":{"x":-0.02463512495160103,"y":0.6545596122741699,"z":1.1200534105300904},"rotation":{"x":0.2010611891746521,"y":-0.32077348232269289,"z":0.06988098472356796,"w":0.9229283332824707},"size":1.4689791202545167,"orthographic":false}