{"cameraMode":{"drawMode":0,"name":"Shaded","section":"Shading Mode"},"sceneLighting":false,"audioPlay":false,"sceneViewState":{"m_AlwaysRefresh":false,"showFog":true,"showSkybox":false,"showFlares":true,"showImageEffects":true,"showParticleSystems":true,"showVisualEffectGraphs":true,"m_FxEnabled":true},"in2DMode":false,"pivot":{"x":0.29586589336395266,"y":0.44058820605278017,"z":0.041512731462717059},"rotation":{"x":-0.1615706980228424,"y":0.018351227045059205,"z":-0.0030050482600927355,"w":-0.9866875410079956},"size":0.6041882634162903,"orthographic":false}