{"cameraMode":{"drawMode":0,"name":"Shaded","section":"Shading Mode"},"sceneLighting":true,"audioPlay":false,"sceneViewState":{"m_AlwaysRefresh":false,"showFog":true,"showSkybox":true,"showFlares":true,"showImageEffects":true,"showParticleSystems":true,"showVisualEffectGraphs":true,"m_FxEnabled":true},"in2DMode":false,"pivot":{"x":123.51966094970703,"y":77.84420013427735,"z":32.74220275878906},"rotation":{"x":0.06340184062719345,"y":0.2747950255870819,"z":-0.018162863329052926,"w":0.9592387080192566},"size":78.37738037109375,"orthographic":false}